name,min_players,max_players,min_time,max_time,year,rating,weight,rank,recommended_players,best_players,age,plays,owned
"Air, Land, & Sea",2,2,20,20,2019,7.43644,1.7402,423,2,2,8+,0,1
Alhambra,2,6,45,60,2003,7.03556,2.0964,617,"2,3,4,5",3,8+,0,1
Architects of the West Kingdom,1,5,60,80,2018,7.70143,2.7624,133,"1,2,3,4,5",4,10+,0,1
Architects of the West Kingdom: Age of Artisans,1,6,60,80,2020,8.04521,2.8553,0,"1,2,3,4,5,6",4,10+,0,1
Arcs,2,4,60,120,2024,7.98152,3.451,101,"2,3,4","3,4",14+,0,1
Azul: Summer Pavilion,2,4,30,45,2019,7.55722,2.0793,246,"2,3,4","2,3",8+,0,1
Barbecubes,2,6,3,15,2025,6.74738,1.0323,3885,"2,3,4,5",3,6+,0,1
Betrayal at House on the Hill,3,6,60,60,2004,7.00622,2.4001,785,"3,4,5,6","5,6",12+,0,1
Bharata 600 BC,2,8,30,90,2020,7.37679,2.6364,16777,"3,4",4,10+,0,0
Blood on the Clocktower,6,21,30,120,2022,8.32832,3.0211,65,"7,8,9,10,11,12,13,14,15,16","9,10,11,12",12+,0,1
Blood on the Clocktower: The Carousel – Experimental Character Collection,6,21,30,120,2025,9.74335,3.6,0,"5,8,9,10,11,12,13,14,15,16","9,11,12,13",8+,0,1
Bomb Busters,2,5,30,30,2024,8.02837,2.0077,82,"3,4,5",4,10+,2,1
Brass: Birmingham,2,4,60,120,2018,8.55894,3.8604,1,"2,3,4","3,4",14+,0,1
BraveRats,2,2,15,15,2011,6.45004,1.1328,3258,2,2,8+,0,1
Bristol 1350,1,9,20,40,2021,6.88246,1.6441,2296,"4,5,6,7,8,9","6,7",12+,0,1
Bruxelles 1893,2,5,50,125,2013,7.58892,3.582,540,"2,3,4,5",4,14+,0,1
Can't Stop,2,4,30,30,1980,6.95199,1.142,767,"2,3,4",3,8+,0,1
Carcassonne,2,5,30,45,2000,7.4167,1.8837,240,"2,3,4,5",2,8+,0,1
The Castles of Burgundy: The Card Game,1,4,30,60,2016,6.93941,2.6012,1181,"1,2,3,4",2,10+,0,1
Catan,3,4,60,120,1995,7.09005,2.2802,625,"3,4",4,8+,0,1
Century: Big Box,2,4,30,45,2023,7.7997,2.0,0,"2,3,4","3,4",8–12,0,1
Chai Garam,2,4,45,60,2021,7.27145,2.7333,10313,"2,3,4","3,4",10+,0,1
Chameleon,2,4,20,20,2005,5.48732,1.0,26966,"3,4",4,6+,0,1
China,3,5,45,45,2005,6.97971,2.2814,1415,"3,4,5",3,10+,0,1
Civilization: A New Dawn,2,4,60,120,2017,7.23306,3.2145,811,"2,3,4",4,12+,0,1
Colt Super Express,3,7,15,20,2020,6.78012,1.1346,2830,"3,4,5,6,7","5,6",6+,2,1
Cryptid,3,5,30,50,2018,7.42365,2.2563,344,"3,4,5",4,10+,0,1
Dominion,2,4,30,30,2008,7.59728,2.3433,146,"2,3,4",3,10+,0,1
Ducks in a Row,2,6,10,30,2026,6.8,0.0,0,"2,3,4,5","2,3",,0,1
Durian Smuggler,1,4,10,15,2025,6.36222,1.0,24952,"3,4",3,,0,1
Endeavor: Deep Sea,1,4,60,120,2024,8.20894,2.9342,70,"1,2,3,4",3,12+,0,1
Everdell,1,4,40,80,2018,7.97266,2.8352,46,"1,2,3,4",3,10+,0,1
Expeditions,1,5,60,90,2023,7.6194,3.0634,382,"1,2,3",3,12+,0,1
Exploding Kittens,2,5,15,15,2015,6.06902,1.0785,4046,"3,4,5","4,5",8+,0,1
Fantasy Realms: Deluxe Edition,2,7,20,20,2022,7.69471,2.04,0,"2,3,4,5,6","2,3,4",10+,0,1
Faraway,2,6,25,25,2023,7.53794,1.9454,253,"2,3,4,5",3,10+,0,1
Feed the Kraken,5,11,45,90,2022,7.76692,2.1718,395,"6,7,8,9,10,11","8,9,10,11",10+,0,1
The Final Commander,2,4,20,150,2023,0.0,0.0,0,,,,0,1
"Final Exam: Grow Up Not a Cheat, Growing Good",5,10,10,15,2024,7.21429,0.0,0,,,,0,1
Flamecraft,1,5,60,60,2022,7.35944,2.1889,409,"1,2,3,4,5",3,8+,0,1
Flamecraft Duals,1,2,30,45,2025,7.92466,1.625,1249,"1,2",2,8+,1,1
Flea Market,2,5,15,30,2025,6.92308,0.0,0,"3,4,5",3,,0,1
Flick 'em Up!: Dead of Winter,1,10,30,45,2017,6.59532,2.1,3320,"1,2,3,4,5,6","2,4",8+,0,1
Flip 7,3,18,20,20,2024,7.20242,1.0412,514,"3,4,5,6,7,8,9","5,6",6+,0,1
Food Chain Magnate,2,5,120,240,2015,8.03387,4.1828,53,"2,3,4,5","3,4",14+,0,1
Fortify,2,2,15,30,2023,6.42,0.0,0,,,,0,1
Foundations of Metropolis,2,4,60,60,2024,7.59735,2.0,1264,"2,3,4",4,8+,0,1
Four Gardens,2,4,45,45,2020,6.88059,2.2727,2835,"2,3,4",2,8+,0,1
Fox Grove,2,4,30,45,2026,7.05698,2.0,18227,"2,3,4",3,10+,0,1
Frootokri,2,5,15,30,2026,10.0,2.0,0,"2,3,4,5","2,3,4,5",,0,1
Galactic Renaissance,2,4,90,90,2024,7.17102,2.7778,4268,"2,3,4",3,,0,1
Galaxy Trucker,2,4,60,60,2007,7.31819,2.3277,323,"2,3,4",4,10+,0,1
The Gang,3,6,20,20,2024,7.54931,1.5904,353,"4,5,6",5,12+,0,1
Gizmos,2,4,40,50,2018,7.35824,2.0651,418,"2,3,4",3,8+,0,1
GoodCritters,4,8,30,45,2018,6.97038,1.4419,2561,"4,5,6,7,8","6,7,8",10+,0,1
Great Western Trail: Second Edition,1,4,75,150,2021,8.25832,3.701,31,"1,2,3,4",3,12+,0,1
Gruntz,2,2,10,30,2026,7.18142,2.0769,6457,2,2,14+,0,1
Hegemony: Lead Your Class to Victory,2,4,90,180,2023,8.35166,4.2598,41,"2,3,4",4,16+,0,1
Hegemony: Lead Your Class to Victory,2,4,90,180,2023,8.35166,4.2598,41,"2,3,4",4,16+,0,1
Hues and Cues,3,10,30,30,2020,6.41977,1.0551,2460,"3,4,5,6,7,8,9,10","6,8",8+,0,1
In Front of the Elevators,2,4,20,40,2019,6.97246,1.3947,2709,"2,3,4",4,8+,0,1
Indus 2500 BCE,1,5,30,60,2020,7.01658,2.2727,12737,"1,2,3,4,5",3,8+,0,1
Istanbul,2,5,40,60,2014,7.53216,2.5853,196,"2,3,4,5",4,10+,0,1
Just One: New Version,3,7,20,20,2025,7.87815,1.0,5176,"4,5,6,7","6,7",8+,0,1
Kingdomino,2,4,15,25,2016,7.28601,1.2423,334,"2,3,4","2,4",6+,0,1
Kursi,2,4,45,90,2024,8.67273,2.5,0,"2,3,4",3,,0,1
Lords of Waterdeep,2,5,60,120,2012,7.72902,2.4483,108,"2,3,4,5","3,4",10+,0,1
Massive Darkness 2: Heavenfall,1,6,0,0,2022,8.33606,2.8571,0,"1,2,3,4","1,2,3",12+,0,1
Massive Darkness 2: Hellscape,1,6,60,60,2022,7.98116,2.7795,504,"1,2,3,4",3,12+,0,1
Nemesis,1,5,90,180,2018,8.24182,3.4909,25,"1,2,3,4,5","4,5",14+,0,1
Next Station: London,1,4,25,30,2022,7.40411,1.4945,584,"1,2,3,4","2,4",8+,0,1
Night Knight,3,6,15,15,2024,6.10645,1.0,23993,,,,0,1
No Loose Ends,2,5,40,40,2025,7.52472,2.1538,3923,"3,4,5",4,10+,0,1
ORC,2,2,5,10,2017,6.42265,1.5385,6943,2,2,8+,0,1
Pandemic,2,4,45,45,2008,7.51036,2.3932,175,"1,2,3,4",4,10+,0,1
Parikrama,2,5,30,45,2022,7.8375,2.8571,16065,"2,3,4,5","2,3",,0,1
Planetarium,1,4,45,45,2017,6.96669,2.0536,3096,"2,3,4",3,10+,0,1
Power Grid,2,6,120,120,2004,7.79663,3.245,75,"3,4,5,6","4,5",12+,0,1
Power Grid: Brazil/Spain & Portugal,2,6,120,120,2009,7.86861,2.9737,0,"3,4,5,6","4,5",12+,0,1
Power Grid: The Stock Companies,2,6,120,120,2015,6.67255,3.5238,0,"3,4,5,6",4,14+,0,1
The Prodigals Club,2,5,40,100,2015,7.29789,3.2685,1296,"2,3,4,5",4,12+,0,1
Project L,1,4,20,40,2020,7.43886,1.5599,389,"1,2,3,4","2,3",8+,0,1
Puerto Rico,3,5,90,150,2002,7.8965,3.2658,58,"2,3,4,5",4,12+,0,1
Quacks,2,4,45,45,2018,7.80044,1.9433,81,"2,3,4",4,8+,0,1
Railroad Tiles,1,4,45,45,2025,7.45776,1.7636,1699,"1,2,3,4",3,8+,0,1
Rattus: Big Box,2,6,30,60,2023,7.15772,2.1429,0,"3,4,5,6",4,8+,0,1
Ratzia,2,5,45,45,2004,6.85748,1.9592,2478,"2,3,4,5","3,4",10+,0,1
Rebel Princess,3,6,30,40,2023,7.40565,1.8605,1028,"3,4,5,6","4,5",8+,0,1
The Red Cathedral,1,4,80,80,2020,7.65354,2.8145,225,"1,2,3,4",3,12+,0,1
Reign of Cthulhu,2,4,40,40,2016,7.35421,2.1752,571,"1,2,3,4",4,10+,0,1
Revive,1,4,90,120,2022,8.04521,3.4635,92,"1,2,3,4",3,14+,0,1
Revive,1,4,90,120,2022,8.04521,3.4635,92,"1,2,3,4",3,14+,0,1
Risk Legacy: Bonus Cards,3,5,60,60,2011,7.40804,2.0,0,,,,0,1
Roaring 20s,3,5,20,30,2024,6.5274,1.2857,7156,"3,4,5",4,,0,1
Root,2,4,60,90,2018,8.06894,3.8421,34,"3,4",4,12+,0,1
Ruins,2,5,40,40,2025,7.06878,2.2353,2311,"3,4,5",4,12+,3,1
Sagrada,1,4,45,45,2017,7.46912,1.9229,227,"1,2,3,4",2,8+,0,1
Santorini,2,4,20,20,2016,7.32772,1.7175,317,"2,3",2,6+,0,1
SCOUT,2,5,20,20,2019,7.77266,1.3993,110,"3,4,5",4,8+,0,1
Sea Salt & Paper,2,4,30,45,2022,7.50889,1.4926,252,"2,3,4",2,8+,0,1
SETI: Search for Extraterrestrial Intelligence,1,4,40,160,2024,8.41259,3.8405,14,"1,2,3,4",3,14+,0,1
SHASN,3,5,90,120,2021,7.32683,2.9286,4588,"2,3,4,5",4,12+,0,1
Sheriff of Nottingham,3,5,60,60,2014,7.04177,1.6581,622,"3,4,5",5,8+,0,1
SOW,2,4,15,25,2017,6.02741,1.9091,12712,"2,3,4",2,8+,0,1
Spicy,2,6,15,20,2020,7.1445,1.295,870,"3,4,5,6","4,5",8+,0,1
Splendor,2,4,30,30,2014,7.42129,1.7739,244,"2,3,4",3,8+,0,1
Stratego,2,2,45,45,1946,6.16615,1.8491,3121,2,2,8+,0,1
Survive The Island,2,5,45,45,2024,7.43824,1.4828,1012,"3,4,5",4,8+,0,1
Sushi Go Party!,2,8,20,20,2016,7.36833,1.3285,292,"3,4,5,6,7,8","4,5",8+,0,1
Taco Back Goat Cheese Pizza,2,8,10,10,2020,6.86372,1.0,5544,"3,4,5,6,7,8","5,6",10–18,0,1
Taco Hat Cake Gift Pizza,2,8,10,15,2021,6.37164,1.0,8857,"4,5,6,7,8","4,5,6",6+,0,1
TAJ,2,4,10,10,2015,5.95643,2.2143,13026,"3,4",3,10+,0,1
Terraforming Mars,1,5,120,120,2016,8.32993,3.2724,9,"1,2,3,4",3,12+,0,1
Thunder Road: Vendetta,2,4,45,75,2023,7.87817,1.9532,222,"3,4",4,8+,0,1
Ticket to Ride,2,5,30,60,2004,7.38401,1.8186,263,"2,3,4,5",4,8+,0,1
Tinderblox,2,6,3,15,2020,6.74052,1.0,2329,"2,3,4,5,6","3,4",6+,0,1
Tinners' Trail (Second Edition),1,5,60,90,2021,7.09424,2.8636,2132,"2,3,4,5",3,12+,0,1
Tokaido,1,5,45,45,2012,6.90849,1.7435,860,"2,3,4,5",4,8+,0,1
Trailblazers,1,8,30,30,2023,6.97257,1.7885,2062,"1,2,3,4,5,6,7,8","1,2,3",8+,0,1
Trio,3,6,15,15,2021,7.38474,1.0741,479,"3,4,5,6","4,5",6+,0,1
Twilight Struggle,2,2,120,180,2005,8.2256,3.6149,16,2,2,14+,0,1
Tycoon: India 1981,1,4,60,180,2025,7.85806,3.8077,5090,"2,3,4",4,14+,0,1
Tzolk'in: The Mayan Calendar,2,4,90,90,2012,7.84231,3.6623,77,"2,3,4",4,12+,0,1
Undaunted 2200: Callisto,1,4,45,60,2024,7.67908,2.8,2556,"1,2,4",2,12+,0,1
Unfathomable,3,6,120,240,2021,7.44995,3.1268,611,"4,5,6",5,14+,0,1
Uninvited Guests at a Wedding,2,8,20,30,2025,6.99333,1.0,19584,,,,0,1
Unmatched: Lee vs Ali,2,2,20,20,2025,8.42712,2.1429,0,2,2,8+,0,1
UNO,2,10,30,30,1971,5.48533,1.0989,31278,"3,4,5,6,7,8","4,5,6",5+,0,1
Vantage,1,6,120,180,2025,8.15375,2.3377,179,"1,2,3","1,2",10+,8,1
Viscounts of the West Kingdom,1,4,60,90,2020,7.78895,3.4612,200,"1,2,3,4",3,12+,0,1
Viticulture Essential Edition,1,6,45,90,2015,7.95371,2.9017,44,"1,2,3,4,5","3,4",12+,0,1
Wavelength,2,12,30,45,2019,7.18336,1.1044,541,"4,5,6,7,8,9,10,11,12","6,8",10+,0,1
Who Did It?,3,6,15,15,2018,6.56801,1.0208,3812,"3,4,5,6","4,5",5+,0,1
Wilson & Shep,2,5,10,20,2021,5.90833,1.0,23563,2,2,,0,1
Wingspan,1,5,40,70,2019,7.99309,2.48,38,"1,2,3,4",3,10+,0,1
Zombicide: Dark Side,1,6,60,60,2019,7.97544,2.4444,3472,"1,2,3,4,5,6","2,3",12+,0,1
